{
  "model_name": "phase7_supervised",
  "timestamp": "2025-12-01T14:17:46.660311",
  "config": {
    "seq_len": 14,
    "patch_size": 11,
    "n_features": 173,
    "encoder_layers": [
      128,
      64,
      32,
      16
    ],
    "convlstm_filters": [
      64,
      64,
      32
    ],
    "decoder_layers": [
      32,
      16,
      8
    ],
    "epochs": 100,
    "batch_size": 16,
    "learning_rate": 0.0005
  },
  "validation_metrics": {
    "accuracy": 0.0,
    "auc": 0.0,
    "loss": 1.2282875776290894,
    "precision": 0.0,
    "recall": 0.0,
    "true_positives": 0,
    "true_negatives": 0,
    "false_positives": 9,
    "false_negatives": 0
  },
  "training_history": {
    "loss": [
      1.2495955228805542,
      1.201432228088379,
      1.153092861175537,
      1.117557168006897,
      1.088970422744751,
      1.0609771013259888,
      1.0417503118515015,
      1.025482416152954,
      1.0251150131225586,
      1.0110409259796143,
      1.0006290674209595,
      0.9936268329620361,
      0.9900417923927307,
      0.9847419261932373,
      0.9802721738815308,
      0.9762411117553711
    ],
    "val_loss": [
      1.2282875776290894,
      1.1887105703353882,
      1.1677114963531494,
      1.1777971982955933,
      1.108247995376587,
      1.0601180791854858,
      1.0411115884780884,
      1.0582853555679321,
      1.0297003984451294,
      1.0045446157455444,
      0.994495689868927,
      0.9898550510406494,
      0.9854079484939575,
      0.9844483137130737,
      0.9851266145706177,
      0.981332540512085
    ],
    "accuracy": [
      0.27272728085517883,
      0.290909081697464,
      0.30909091234207153,
      0.38181817531585693,
      0.30000001192092896,
      0.30909091234207153,
      0.30000001192092896,
      0.3181818127632141,
      0.2454545497894287,
      0.3272727131843567,
      0.3272727131843567,
      0.2818181812763214,
      0.3545454442501068,
      0.3272727131843567,
      0.34545454382896423,
      0.2818181812763214
    ],
    "val_accuracy": [
      0.0,
      0.0,
      0.0,
      0.0,
      0.0,
      0.0,
      0.0,
      0.0,
      0.0,
      0.1111111119389534,
      1.0,
      1.0,
      1.0,
      0.0,
      0.0,
      0.0
    ],
    "auc": [
      0.4339580535888672,
      0.4562695324420929,
      0.6396697759628296,
      0.5528781414031982,
      0.5519857406616211,
      0.5236501693725586,
      0.4741186797618866,
      0.6097724437713623,
      0.47925034165382385,
      0.48973673582077026,
      0.47099506855010986,
      0.5098170042037964,
      0.44533687829971313,
      0.530789852142334,
      0.5200803279876709,
      0.5325747132301331
    ],
    "val_auc": [
      0.0,
      0.0,
      0.0,
      0.0,
      0.0,
      0.0,
      0.0,
      0.0,
      0.0,
      0.0,
      0.0,
      0.0,
      0.0,
      0.0,
      0.0,
      0.0
    ]
  }
}