{
  "n_sequences": 32,
  "n_valid_pixels": 78917,
  "mse": 0.019414858892560005,
  "mae": 0.10694513469934464,
  "rmse": 0.1393372118473053,
  "r_squared": 0.4624575674533844,
  "pearson_r": 0.6800423264503479,
  "p_value": 0.0,
  "mean_prediction": 0.6523532271385193,
  "mean_ground_truth": 0.6653077602386475,
  "std_prediction": 0.1579408347606659,
  "std_ground_truth": 0.1838124692440033
}